model,layer,hidden_state_similarity,mean_head_similarity,min_head_similarity,max_head_similarity,mean_entropy_change,mean_max_attn_change,neuron_similarity,neuron_survival_rate,neurons_compared,mlp_weight_diff,mlp_sparsity,mlp_sparsity_change
magnitude_attention_heads_sparsity30,6,0.9633586044938227,0.7708629791935285,0.3255727291107178,0.9960266351699829,-0.7337967412701497,,0.9999999890569597,1.0,768,0.0,0.0,0.0
magnitude_attention_heads_sparsity30,7,0.9588747694940997,0.808056061466535,0.251222163438797,0.9987201690673828,-0.7459912914782763,,0.9999999953433871,1.0,768,0.0,0.0,0.0
magnitude_attention_heads_sparsity30,9,0.9518215493782691,0.7542603438099226,0.29349246621131897,0.9871554970741272,-1.0094659725824993,,0.9999999885136882,1.0,768,0.0,0.0,0.0
magnitude_attention_heads_sparsity50,6,0.9519856648794149,0.6025080531835556,0.3082622289657593,0.9931206107139587,-1.237839273797969,,0.9999999890569597,1.0,768,0.0,0.0,0.0
magnitude_attention_heads_sparsity50,7,0.9418303068546702,0.59403162697951,0.251222163438797,0.9984327554702759,-1.4801888937751453,,0.9999999953433871,1.0,768,0.0,0.0,0.0
magnitude_attention_heads_sparsity50,9,0.9287063685843664,0.41775092979272205,0.25650814175605774,0.9877872467041016,-1.9736398278425138,,0.9999999885136882,1.0,768,0.0,0.0,0.0
magnitude_attention_heads_sparsity70,6,0.912950108043341,0.39514459669589996,0.24078795313835144,0.98259437084198,-1.9457006603479385,,0.9999999890569597,1.0,768,0.0,0.0,0.0
magnitude_attention_heads_sparsity70,7,0.8966384267786373,0.4161222701271375,0.23855653405189514,0.9961681365966797,-2.085418712347746,,0.9999999953433871,1.0,768,0.0,0.0,0.0
magnitude_attention_heads_sparsity70,9,0.8755599851217987,0.3014960711201032,0.25650814175605774,0.37452220916748047,-2.3333453436692557,,0.9999999885136882,1.0,768,0.0,0.0,0.0
magnitude_neurons_sparsity30,6,0.7296445218903316,0.79057044784228,0.5367158651351929,0.9598818421363831,-0.3892563298965494,,0.8546333704143763,1.0,768,100.68230438232422,0.3837890625,0.3837890625
magnitude_neurons_sparsity30,7,0.7275146592655297,0.7833635608355204,0.38275569677352905,0.9791865348815918,-0.6231829019573828,,0.8661804570971677,1.0,768,97.10655975341797,0.3349609375,0.3349609375
magnitude_neurons_sparsity30,9,0.7244067007913434,0.8118065545956293,0.6354823708534241,0.9413078427314758,-0.7123978318025669,,0.9029066203317294,1.0,768,84.28680419921875,0.2353515625,0.2353515625
magnitude_neurons_sparsity50,6,0.6763601687089213,0.7099491084615389,0.2851623296737671,0.934954047203064,-0.6797940929730734,,0.7710518329404294,1.0,768,123.52345275878906,0.5279948115348816,0.5279948115348816
magnitude_neurons_sparsity50,7,0.6735764369571214,0.7234049364924431,0.28293174505233765,0.9733332991600037,-0.8906721814225117,,0.7574582850405326,1.0,768,126.84304809570312,0.5227864384651184,0.5227864384651184
magnitude_neurons_sparsity50,9,0.6747778126662256,0.7109829137722651,0.45373016595840454,0.9296907186508179,-0.9272397039458156,,0.7450965497021874,1.0,768,130.7918701171875,0.5182291865348816,0.5182291865348816
magnitude_neurons_sparsity70,6,0.5643699403012099,0.6061373067398866,0.1550709456205368,0.8993560075759888,-0.6742367533346018,,0.6517316385482749,1.0,768,147.16021728515625,0.6858723759651184,0.6858723759651184
magnitude_neurons_sparsity70,7,0.5498792237402276,0.67426265279452,0.3162688612937927,0.9831967353820801,-0.8477675045530001,,0.5661874658350522,1.0,768,160.1168670654297,0.7584635615348816,0.7584635615348816
magnitude_neurons_sparsity70,9,0.4826134070770172,0.502057958394289,0.23406614363193512,0.8957265019416809,-1.083081545929114,,0.5059433392404268,1.0,768,169.1383514404297,0.8033854365348816,0.8033854365348816
random_attention_heads_sparsity30,6,0.7589933509790108,0.7484524870912234,0.3303154408931732,0.9686679840087891,-0.38068876415491104,,0.9999999890569597,1.0,768,0.0,0.0,0.0
random_attention_heads_sparsity30,7,0.74037595439986,0.7259426216284434,0.2322845458984375,0.96239173412323,-0.7775025914112726,,0.9999999953433871,1.0,768,0.0,0.0,0.0
random_attention_heads_sparsity30,9,0.7450618005028818,0.7146136313676834,0.2951771020889282,0.9712796211242676,-0.8399387250343958,,0.9999999885136882,1.0,768,0.0,0.0,0.0
random_attention_heads_sparsity50,6,0.7802297074705156,0.5869886937240759,0.22913213074207306,0.9818198680877686,-1.5171623292068641,,0.9999999890569597,1.0,768,0.0,0.0,0.0
random_attention_heads_sparsity50,7,0.7504889362820532,0.5245758978029093,0.2141231745481491,0.8784022331237793,-1.9512963593006134,,0.9999999953433871,1.0,768,0.0,0.0,0.0
random_attention_heads_sparsity50,9,0.7595996549085858,0.5734934906164805,0.2659044563770294,0.9086302518844604,-1.5526862119634945,,0.9999999885136882,1.0,768,0.0,0.0,0.0
random_attention_heads_sparsity70,6,0.6466135102279049,0.49408620968461037,0.22913213074207306,0.8850147724151611,-1.4172240595022838,,0.9999999890569597,1.0,768,0.0,0.0,0.0
random_attention_heads_sparsity70,7,0.6047355469231495,0.45629135395089787,0.2141231745481491,0.9103125333786011,-2.0575472426911197,,0.9999999953433871,1.0,768,0.0,0.0,0.0
random_attention_heads_sparsity70,9,0.6736552654171379,0.47822583715120953,0.25650814175605774,0.9373060464859009,-1.350135426968336,,0.9999999885136882,1.0,768,0.0,0.0,0.0
random_neurons_sparsity30,6,0.7925524616689522,0.8730909923712412,0.7193899154663086,0.9634326100349426,-0.3320221168299516,,0.8356613678236803,1.0,768,106.62033081054688,0.2998046875,0.2998046875
random_neurons_sparsity30,7,0.7807169276944608,0.9251330494880676,0.8390282392501831,0.9961749911308289,0.6042904116523763,,0.8363726026533792,1.0,768,106.48091888427734,0.2998046875,0.2998046875
random_neurons_sparsity30,9,0.774156482383594,0.9241434186697006,0.8361005187034607,0.9738937616348267,0.912441278497378,,0.8364020045070598,1.0,768,107.46939849853516,0.2998046875,0.2998046875
random_neurons_sparsity50,6,0.7661866615577043,0.9193908075491587,0.8155622482299805,0.97650146484375,0.09227059564242761,,0.7070258380069087,1.0,768,137.27780151367188,0.5,0.5
random_neurons_sparsity50,7,0.7195270143994651,0.9012838949759802,0.801378607749939,0.973731517791748,-0.12157180486246943,,0.708351775460566,1.0,768,137.1106719970703,0.5,0.5
random_neurons_sparsity50,9,0.7075311042217337,0.894203394651413,0.8160495162010193,0.9725649356842041,-0.29570381343364716,,0.7070244449035575,1.0,768,138.65794372558594,0.5,0.5
random_neurons_sparsity70,6,0.6475027029307672,0.8654661377271017,0.7385457754135132,0.9590744972229004,0.629268414961795,,0.5513509762628624,1.0,768,161.9229736328125,0.6998698115348816,0.6998698115348816
random_neurons_sparsity70,7,0.5826199115553371,0.8090758373339971,0.5608124136924744,0.9584144353866577,0.044385694433003664,,0.5444685094213734,1.0,768,162.92724609375,0.6998698115348816,0.6998698115348816
random_neurons_sparsity70,9,0.632514637761356,0.8143566250801086,0.6582622528076172,0.9652988910675049,0.10512133222073317,,0.5485784987298151,1.0,768,163.91575622558594,0.6998698115348816,0.6998698115348816
magnitude_attention_heads_sparsity30,6,0.9627472808308453,0.7714758962392807,0.3286125063896179,0.9960815906524658,-0.7328468494427701,,0.9999999890569597,1.0,768,0.0,0.0,0.0
magnitude_attention_heads_sparsity30,7,0.9583217175469637,0.8085164005557696,0.2517661452293396,0.9985373020172119,-0.7413924143960079,,0.9999999953433871,1.0,768,0.0,0.0,0.0
magnitude_attention_heads_sparsity30,9,0.9513218157661983,0.7542565365632375,0.2940334677696228,0.9867669343948364,-1.0052826354900997,,0.9999999885136882,1.0,768,0.0,0.0,0.0
magnitude_attention_heads_sparsity50,6,0.9511583175216504,0.6036064277092615,0.3068110942840576,0.9936811327934265,-1.2368976563836138,,0.9999999890569597,1.0,768,0.0,0.0,0.0
magnitude_attention_heads_sparsity50,7,0.9411804110225499,0.5941124657789866,0.2517661452293396,0.9981788396835327,-1.484114406009515,,0.9999999953433871,1.0,768,0.0,0.0,0.0
magnitude_attention_heads_sparsity50,9,0.9275257622081571,0.4183698122700055,0.25954729318618774,0.987889289855957,-1.9593597172449033,,0.9999999885136882,1.0,768,0.0,0.0,0.0
magnitude_attention_heads_sparsity70,6,0.9116541834443763,0.39598221456011135,0.24104665219783783,0.9806876182556152,-1.9411465575297673,,0.9999999890569597,1.0,768,0.0,0.0,0.0
magnitude_attention_heads_sparsity70,7,0.8950894521009113,0.4163093740741412,0.2399517297744751,0.9956138134002686,-2.0831746608018875,,0.9999999953433871,1.0,768,0.0,0.0,0.0
magnitude_attention_heads_sparsity70,9,0.8733375289532355,0.30270131925741833,0.25954729318618774,0.3717081546783447,-2.3150798877080283,,0.9999999885136882,1.0,768,0.0,0.0,0.0
magnitude_neurons_sparsity30,6,0.7294317780447644,0.7885249306758245,0.5326360464096069,0.9596859216690063,-0.37883497091631096,,0.8546333704143763,1.0,768,100.68230438232422,0.3837890625,0.3837890625
magnitude_neurons_sparsity30,7,0.7280915237161625,0.7770578612883886,0.3672631084918976,0.9706824421882629,-0.6229278308649858,,0.8661804570971677,1.0,768,97.10655975341797,0.3349609375,0.3349609375
magnitude_neurons_sparsity30,9,0.7286855449173257,0.822246308128039,0.6484127044677734,0.9435218572616577,-0.6477017683597902,,0.9029066203317294,1.0,768,84.28680419921875,0.2353515625,0.2353515625
magnitude_neurons_sparsity50,6,0.6774362136577993,0.7045813351869583,0.27501022815704346,0.9333908557891846,-0.7014595406750838,,0.7710518329404294,1.0,768,123.52345275878906,0.5279948115348816,0.5279948115348816
magnitude_neurons_sparsity50,7,0.6742374358840018,0.7126214479406675,0.2711164355278015,0.963186502456665,-0.9271365068852901,,0.7574582850405326,1.0,768,126.84304809570312,0.5227864384651184,0.5227864384651184
magnitude_neurons_sparsity50,9,0.6793290476767687,0.7197907691200575,0.45146429538726807,0.9211932420730591,-0.902642038029929,,0.7450965497021874,1.0,768,130.7918701171875,0.5182291865348816,0.5182291865348816
magnitude_neurons_sparsity70,6,0.5732544993018537,0.6027312738200029,0.16030780971050262,0.8939841985702515,-0.697892801836133,,0.6517316385482749,1.0,768,147.16021728515625,0.6858723759651184,0.6858723759651184
magnitude_neurons_sparsity70,7,0.5591963417883491,0.6627475917339325,0.2855427861213684,0.9779700636863708,-0.8700309929748377,,0.5661874658350522,1.0,768,160.1168670654297,0.7584635615348816,0.7584635615348816
magnitude_neurons_sparsity70,9,0.4964979106433834,0.4979016048212846,0.2281627058982849,0.8879563212394714,-1.1168964219590027,,0.5059433392404268,1.0,768,169.1383514404297,0.8033854365348816,0.8033854365348816
random_attention_heads_sparsity30,6,0.7609415492379967,0.7483067711194357,0.32809683680534363,0.9690385460853577,-0.37790345524748165,,0.9999999890569597,1.0,768,0.0,0.0,0.0
random_attention_heads_sparsity30,7,0.7422095356923729,0.726435032983621,0.2349628210067749,0.9626370668411255,-0.7752192298260828,,0.9999999953433871,1.0,768,0.0,0.0,0.0
random_attention_heads_sparsity30,9,0.7447419282220706,0.7160540769497553,0.2952215373516083,0.9709187746047974,-0.8301937927802404,,0.9999999885136882,1.0,768,0.0,0.0,0.0
random_attention_heads_sparsity50,6,0.7795701634414017,0.5877195857465267,0.23078075051307678,0.9814364910125732,-1.5164216756820679,,0.9999999890569597,1.0,768,0.0,0.0,0.0
random_attention_heads_sparsity50,7,0.7498227116468523,0.525259600331386,0.21526215970516205,0.8772764205932617,-1.9414934466282527,,0.9999999953433871,1.0,768,0.0,0.0,0.0
random_attention_heads_sparsity50,9,0.7586240909613178,0.57489991436402,0.2698776423931122,0.9053217768669128,-1.5403239851196606,,0.9999999885136882,1.0,768,0.0,0.0,0.0
random_attention_heads_sparsity70,6,0.6467956232667028,0.4954519085586071,0.23078075051307678,0.8831691741943359,-1.4059830432136853,,0.9999999890569597,1.0,768,0.0,0.0,0.0
random_attention_heads_sparsity70,7,0.6040294684126168,0.45648543660839397,0.21526215970516205,0.910517156124115,-2.048312292744716,,0.9999999953433871,1.0,768,0.0,0.0,0.0
random_attention_heads_sparsity70,9,0.6716396075497479,0.47938764343659085,0.25954729318618774,0.9300857782363892,-1.33344814243416,,0.9999999885136882,1.0,768,0.0,0.0,0.0
random_neurons_sparsity30,6,0.7913146019720712,0.8735078821579615,0.7196377515792847,0.9644452333450317,-0.3192738795963426,,0.8356613678236803,1.0,768,106.62033081054688,0.2998046875,0.2998046875
random_neurons_sparsity30,7,0.7791749765938559,0.9252867251634598,0.8476172685623169,0.9947301149368286,0.5915610886489352,,0.8363726026533792,1.0,768,106.48091888427734,0.2998046875,0.2998046875
random_neurons_sparsity30,9,0.7707426432015935,0.9231352557738622,0.8409650325775146,0.9718457460403442,0.9064102321863174,,0.8364020045070598,1.0,768,107.46939849853516,0.2998046875,0.2998046875
random_neurons_sparsity50,6,0.7649560736055473,0.9190913587808609,0.8110766410827637,0.977442741394043,0.08275894386072953,,0.7070258380069087,1.0,768,137.27780151367188,0.5,0.5
random_neurons_sparsity50,7,0.7162401789986798,0.8991036415100098,0.7909917235374451,0.9712333679199219,-0.13052268869554004,,0.708351775460566,1.0,768,137.1106719970703,0.5,0.5
random_neurons_sparsity50,9,0.7030781189724987,0.8910226374864578,0.822396993637085,0.970403790473938,-0.32782881303379935,,0.7070244449035575,1.0,768,138.65794372558594,0.5,0.5
random_neurons_sparsity70,6,0.6472085896522974,0.8627210458119711,0.7306187748908997,0.9591428637504578,0.6198714431375265,,0.5513509762628624,1.0,768,161.9229736328125,0.6998698115348816,0.6998698115348816
random_neurons_sparsity70,7,0.5812527036084713,0.8097364952166876,0.5730114579200745,0.9584293365478516,0.044664595586558185,,0.5444685094213734,1.0,768,162.92724609375,0.6998698115348816,0.6998698115348816
random_neurons_sparsity70,9,0.6308469844609869,0.8162470360596975,0.661355197429657,0.9630051255226135,0.15289240516722202,,0.5485784987298151,1.0,768,163.91575622558594,0.6998698115348816,0.6998698115348816
magnitude_attention_heads_sparsity30,6,0.9634076482521472,0.7716003879904747,0.32639366388320923,0.996185302734375,-0.7332201670700064,,0.9999999890569597,1.0,768,0.0,0.0,0.0
magnitude_attention_heads_sparsity30,7,0.9589842657931104,0.8084759215513865,0.2500479817390442,0.9982752799987793,-0.7415694346030554,,0.9999999953433871,1.0,768,0.0,0.0,0.0
magnitude_attention_heads_sparsity30,9,0.9518910391659108,0.7536976262927055,0.2930387258529663,0.9871580600738525,-1.0077838723858197,,0.9999999885136882,1.0,768,0.0,0.0,0.0
magnitude_attention_heads_sparsity50,6,0.9517258733049997,0.6033795600136121,0.30678272247314453,0.9935240149497986,-1.2370002008974552,,0.9999999890569597,1.0,768,0.0,0.0,0.0
magnitude_attention_heads_sparsity50,7,0.9415774157203564,0.5937518551945686,0.2500479817390442,0.9979256391525269,-1.4826532335331042,,0.9999999953433871,1.0,768,0.0,0.0,0.0
magnitude_attention_heads_sparsity50,9,0.9278906787858383,0.4171372726559639,0.25666654109954834,0.9878503680229187,-1.9668935686349869,,0.9999999885136882,1.0,768,0.0,0.0,0.0
magnitude_attention_heads_sparsity70,6,0.9115488245743018,0.3957548464337985,0.24007341265678406,0.9807770848274231,-1.9439479038119316,,0.9999999890569597,1.0,768,0.0,0.0,0.0
magnitude_attention_heads_sparsity70,7,0.8948793587156634,0.4158073005576928,0.2386285811662674,0.9958268404006958,-2.0874720215797424,,0.9999999953433871,1.0,768,0.0,0.0,0.0
magnitude_attention_heads_sparsity70,9,0.8728912394578879,0.30112113058567047,0.25666654109954834,0.3707880675792694,-2.3253731628259025,,0.9999999885136882,1.0,768,0.0,0.0,0.0
magnitude_neurons_sparsity30,6,0.7288173009236059,0.7858862429857254,0.5358264446258545,0.9581087231636047,-0.38828223881622154,,0.8546333704143763,1.0,768,100.68230438232422,0.3837890625,0.3837890625
magnitude_neurons_sparsity30,7,0.7283054699907717,0.7768529380361239,0.36518552899360657,0.9760547280311584,-0.6210672954718272,,0.8661804570971677,1.0,768,97.10655975341797,0.3349609375,0.3349609375
magnitude_neurons_sparsity30,9,0.726460873100174,0.8163338949282964,0.640897274017334,0.9443485140800476,-0.6689237829608222,,0.9029066203317294,1.0,768,84.28680419921875,0.2353515625,0.2353515625
magnitude_neurons_sparsity50,6,0.6734964172603924,0.7000984052817026,0.27467018365859985,0.9321914315223694,-0.686955119172732,,0.7710518329404294,1.0,768,123.52345275878906,0.5279948115348816,0.5279948115348816
magnitude_neurons_sparsity50,7,0.670996027085139,0.7131015261014303,0.26661092042922974,0.9630111455917358,-0.9007075182162225,,0.7574582850405326,1.0,768,126.84304809570312,0.5227864384651184,0.5227864384651184
magnitude_neurons_sparsity50,9,0.6731060247199705,0.7078469271461169,0.4477572441101074,0.9255266189575195,-0.9061156194657087,,0.7450965497021874,1.0,768,130.7918701171875,0.5182291865348816,0.5182291865348816
magnitude_neurons_sparsity70,6,0.5588861336392411,0.5969205647706985,0.15710246562957764,0.8898998498916626,-0.6762893442064524,,0.6517316385482749,1.0,768,147.16021728515625,0.6858723759651184,0.6858723759651184
magnitude_neurons_sparsity70,7,0.5448916261257014,0.6567664841810862,0.2813233733177185,0.9797669053077698,-0.8678719763023158,,0.5661874658350522,1.0,768,160.1168670654297,0.7584635615348816,0.7584635615348816
magnitude_neurons_sparsity70,9,0.47581050359352917,0.4796004630625248,0.22754612565040588,0.8711000680923462,-1.1540440134704113,,0.5059433392404268,1.0,768,169.1383514404297,0.8033854365348816,0.8033854365348816
random_attention_heads_sparsity30,6,0.7617256204816477,0.749040479461352,0.3291422724723816,0.9692655801773071,-0.3767368296782176,,0.9999999890569597,1.0,768,0.0,0.0,0.0
random_attention_heads_sparsity30,7,0.7430506286671142,0.7268054746091366,0.23230887949466705,0.9626436233520508,-0.7722746796595553,,0.9999999953433871,1.0,768,0.0,0.0,0.0
random_attention_heads_sparsity30,9,0.7469379188327804,0.7154562423626581,0.2930387258529663,0.9683513045310974,-0.8268791921436787,,0.9999999885136882,1.0,768,0.0,0.0,0.0
random_attention_heads_sparsity50,6,0.7805674342128062,0.5870378613471985,0.2292846143245697,0.9812842607498169,-1.5168170916537445,,0.9999999890569597,1.0,768,0.0,0.0,0.0
random_attention_heads_sparsity50,7,0.7516379642407548,0.5261055342853069,0.21398340165615082,0.8801687955856323,-1.9446314920981724,,0.9999999953433871,1.0,768,0.0,0.0,0.0
random_attention_heads_sparsity50,9,0.7598242269974799,0.5740195363759995,0.26732465624809265,0.9091818928718567,-1.5466054876645405,,0.9999999885136882,1.0,768,0.0,0.0,0.0
random_attention_heads_sparsity70,6,0.6472471569208147,0.4938954710960388,0.2292846143245697,0.8813203573226929,-1.4099218895037968,,0.9999999890569597,1.0,768,0.0,0.0,0.0
random_attention_heads_sparsity70,7,0.6045711213288832,0.4558748776714007,0.21398340165615082,0.9094598293304443,-2.0541266898314157,,0.9999999953433871,1.0,768,0.0,0.0,0.0
random_attention_heads_sparsity70,9,0.6730004980073583,0.4780483270684878,0.25666654109954834,0.9323487877845764,-1.3392491098493338,,0.9999999885136882,1.0,768,0.0,0.0,0.0
random_neurons_sparsity30,6,0.7942000904906859,0.8737245698769888,0.7261898517608643,0.962595522403717,-0.3087430577725172,,0.8356613678236803,1.0,768,106.62033081054688,0.2998046875,0.2998046875
random_neurons_sparsity30,7,0.7826502730636845,0.9249215672413508,0.8462939262390137,0.9955595135688782,0.5932068067292372,,0.8363726026533792,1.0,768,106.48091888427734,0.2998046875,0.2998046875
random_neurons_sparsity30,9,0.7741346215290078,0.9235348105430603,0.8347573280334473,0.9710413217544556,0.9072713355223337,,0.8364020045070598,1.0,768,107.46939849853516,0.2998046875,0.2998046875
random_neurons_sparsity50,6,0.764730285755282,0.9160503993431727,0.8037992715835571,0.9765603542327881,0.0878456470866998,,0.7070258380069087,1.0,768,137.27780151367188,0.5,0.5
random_neurons_sparsity50,7,0.7159841592441224,0.8981795459985733,0.7956759929656982,0.9731876254081726,-0.13125156362851462,,0.708351775460566,1.0,768,137.1106719970703,0.5,0.5
random_neurons_sparsity50,9,0.7034401161600294,0.8889564275741577,0.8106191754341125,0.9684430956840515,-0.3073746897280216,,0.7070244449035575,1.0,768,138.65794372558594,0.5,0.5
random_neurons_sparsity70,6,0.64676715571158,0.8635025421778361,0.7412096261978149,0.9583388566970825,0.6289592587078611,,0.5513509762628624,1.0,768,161.9229736328125,0.6998698115348816,0.6998698115348816
random_neurons_sparsity70,7,0.5800221257850166,0.8082814415295919,0.564690351486206,0.9578543901443481,0.0551396308777233,,0.5444685094213734,1.0,768,162.92724609375,0.6998698115348816,0.6998698115348816
random_neurons_sparsity70,9,0.6300385575490006,0.8162185450394949,0.6674634218215942,0.9608706831932068,0.14851462421938777,,0.5485784987298151,1.0,768,163.91575622558594,0.6998698115348816,0.6998698115348816
magnitude_attention_heads_sparsity30,6,0.9624299851556619,0.7714265063405037,0.328698992729187,0.9958556890487671,-0.7316892235539854,,0.9999999890569597,1.0,768,0.0,0.0,0.0
magnitude_attention_heads_sparsity30,7,0.9580348684361168,0.8073007054626942,0.24926398694515228,0.9981164336204529,-0.7441862883667151,,0.9999999953433871,1.0,768,0.0,0.0,0.0
magnitude_attention_heads_sparsity30,9,0.9507853763579738,0.751742867132028,0.2928316593170166,0.9865634441375732,-1.014264278113842,,0.9999999885136882,1.0,768,0.0,0.0,0.0
magnitude_attention_heads_sparsity50,6,0.9506420952797521,0.6037015840411186,0.30652281641960144,0.9935405254364014,-1.2382041178643703,,0.9999999890569597,1.0,768,0.0,0.0,0.0
magnitude_attention_heads_sparsity50,7,0.9406676024417667,0.5923019188145796,0.24926398694515228,0.9976212978363037,-1.4903295425077279,,0.9999999953433871,1.0,768,0.0,0.0,0.0
magnitude_attention_heads_sparsity50,9,0.9269206949674031,0.41739517947038013,0.25822702050209045,0.9868698120117188,-1.9603266740838687,,0.9999999885136882,1.0,768,0.0,0.0,0.0
magnitude_attention_heads_sparsity70,6,0.9104130753261201,0.39534783735871315,0.2405475527048111,0.9789328575134277,-1.9422433028618495,,0.9999999890569597,1.0,768,0.0,0.0,0.0
magnitude_attention_heads_sparsity70,7,0.8938453371180038,0.4153841907779376,0.2399870604276657,0.9953280091285706,-2.086544319987297,,0.9999999953433871,1.0,768,0.0,0.0,0.0
magnitude_attention_heads_sparsity70,9,0.8720667625174803,0.30191872517267865,0.25822702050209045,0.36923348903656006,-2.3166795472304025,,0.9999999885136882,1.0,768,0.0,0.0,0.0
magnitude_neurons_sparsity30,6,0.7290395365187935,0.7808970858653387,0.5069133043289185,0.9532574415206909,-0.4084766296048959,,0.8546333704143763,1.0,768,100.68230438232422,0.3837890625,0.3837890625
magnitude_neurons_sparsity30,7,0.7277284289472827,0.7770469163854917,0.3712492287158966,0.9730875492095947,-0.6435780112321178,,0.8661804570971677,1.0,768,97.10655975341797,0.3349609375,0.3349609375
magnitude_neurons_sparsity30,9,0.7289244059619366,0.8114541421333948,0.6358520984649658,0.9374529719352722,-0.7011133916676044,,0.9029066203317294,1.0,768,84.28680419921875,0.2353515625,0.2353515625
magnitude_neurons_sparsity50,6,0.6767679680357961,0.6959414506951968,0.26700717210769653,0.9306291341781616,-0.714797409872214,,0.7710518329404294,1.0,768,123.52345275878906,0.5279948115348816,0.5279948115348816
magnitude_neurons_sparsity50,7,0.6731296213562874,0.7067599619428316,0.2631562650203705,0.9589337110519409,-0.9384214732951174,,0.7574582850405326,1.0,768,126.84304809570312,0.5227864384651184,0.5227864384651184
magnitude_neurons_sparsity50,9,0.6775731700454273,0.6977246652046839,0.4121096134185791,0.9128298163414001,-0.9607144805292288,,0.7450965497021874,1.0,768,130.7918701171875,0.5182291865348816,0.5182291865348816
magnitude_neurons_sparsity70,6,0.5689153352569716,0.5977706747750441,0.15742523968219757,0.8808813691139221,-0.692036805053552,,0.6517316385482749,1.0,768,147.16021728515625,0.6858723759651184,0.6858723759651184
magnitude_neurons_sparsity70,7,0.5566472459894916,0.6589392498135567,0.2818252444267273,0.968856930732727,-0.8729807908336321,,0.5661874658350522,1.0,768,160.1168670654297,0.7584635615348816,0.7584635615348816
magnitude_neurons_sparsity70,9,0.4967170255979998,0.48956408600012463,0.23207354545593262,0.8646008372306824,-1.1333434140930574,,0.5059433392404268,1.0,768,169.1383514404297,0.8033854365348816,0.8033854365348816
random_attention_heads_sparsity30,6,0.7595378668394451,0.747526578605175,0.32983043789863586,0.9677489399909973,-0.3681797459721565,,0.9999999890569597,1.0,768,0.0,0.0,0.0
random_attention_heads_sparsity30,7,0.7413592048537205,0.726476160188516,0.23477241396903992,0.9627037644386292,-0.7717976759498318,,0.9999999953433871,1.0,768,0.0,0.0,0.0
random_attention_heads_sparsity30,9,0.7460166155598035,0.7152530426780382,0.2928316593170166,0.9690431356430054,-0.8272421682874361,,0.9999999885136882,1.0,768,0.0,0.0,0.0
random_attention_heads_sparsity50,6,0.7790252399649106,0.5876799238224825,0.23077505826950073,0.9812182784080505,-1.5103252629439037,,0.9999999890569597,1.0,768,0.0,0.0,0.0
random_attention_heads_sparsity50,7,0.7489417468179382,0.5249520502984524,0.2141404151916504,0.8788292407989502,-1.9422146777311962,,0.9999999953433871,1.0,768,0.0,0.0,0.0
random_attention_heads_sparsity50,9,0.7584517344467195,0.5730556671818098,0.26927030086517334,0.906408429145813,-1.5410224099953969,,0.9999999885136882,1.0,768,0.0,0.0,0.0
random_attention_heads_sparsity70,6,0.6457754547835565,0.49422316377361614,0.23077505826950073,0.8816142082214355,-1.408407102028529,,0.9999999890569597,1.0,768,0.0,0.0,0.0
random_attention_heads_sparsity70,7,0.602943580089977,0.4545415937900543,0.2141404151916504,0.9086297750473022,-2.052569143474102,,0.9999999953433871,1.0,768,0.0,0.0,0.0
random_attention_heads_sparsity70,9,0.6718627970537865,0.4784063051144282,0.25822702050209045,0.9318841099739075,-1.3300825152546167,,0.9999999885136882,1.0,768,0.0,0.0,0.0
random_neurons_sparsity30,6,0.7935180943678407,0.8723892470200857,0.7175730466842651,0.9638819694519043,-0.3074702601879835,,0.8356613678236803,1.0,768,106.62033081054688,0.2998046875,0.2998046875
random_neurons_sparsity30,7,0.7814879594480291,0.9246707906325659,0.8473996520042419,0.9945703744888306,0.599388781003654,,0.8363726026533792,1.0,768,106.48091888427734,0.2998046875,0.2998046875
random_neurons_sparsity30,9,0.7729491038467078,0.9223869542280833,0.8381220102310181,0.9696582555770874,0.9101587682962418,,0.8364020045070598,1.0,768,107.46939849853516,0.2998046875,0.2998046875
random_neurons_sparsity50,6,0.7663581327736085,0.9171606699625651,0.8107472658157349,0.9767851829528809,0.09202174826835592,,0.7070258380069087,1.0,768,137.27780151367188,0.5,0.5
random_neurons_sparsity50,7,0.7176283431275948,0.8984409620364507,0.7972137928009033,0.9731955528259277,-0.11701305963409443,,0.708351775460566,1.0,768,137.1106719970703,0.5,0.5
random_neurons_sparsity50,9,0.7054593035896473,0.8890163054068884,0.8195759057998657,0.9692678451538086,-0.33933495450764894,,0.7070244449035575,1.0,768,138.65794372558594,0.5,0.5
random_neurons_sparsity70,6,0.6489729187871311,0.8632348130146662,0.7386728525161743,0.9586392045021057,0.6355116258685788,,0.5513509762628624,1.0,768,161.9229736328125,0.6998698115348816,0.6998698115348816
random_neurons_sparsity70,7,0.5844158665185758,0.8113056818644205,0.5679947733879089,0.9586746692657471,0.06320741842500865,,0.5444685094213734,1.0,768,162.92724609375,0.6998698115348816,0.6998698115348816
random_neurons_sparsity70,9,0.6351659916706529,0.8144804735978445,0.6646373271942139,0.961324155330658,0.15613680612295866,,0.5485784987298151,1.0,768,163.91575622558594,0.6998698115348816,0.6998698115348816
magnitude_attention_heads_sparsity30,6,0.9627636613876953,0.7711325759689013,0.3249799907207489,0.9958381652832031,-0.7340568880705783,,0.9999999890569597,1.0,768,0.0,0.0,0.0
magnitude_attention_heads_sparsity30,7,0.9585480415728574,0.8077637155850729,0.25059381127357483,0.9986577033996582,-0.7434663188954195,,0.9999999953433871,1.0,768,0.0,0.0,0.0
magnitude_attention_heads_sparsity30,9,0.9514680619030724,0.7531623293956121,0.29357409477233887,0.9869989156723022,-1.0072727998097737,,0.9999999885136882,1.0,768,0.0,0.0,0.0
magnitude_attention_heads_sparsity50,6,0.9509313686505696,0.602969246606032,0.3053969740867615,0.9927189350128174,-1.2390432783092062,,0.9999999890569597,1.0,768,0.0,0.0,0.0
magnitude_attention_heads_sparsity50,7,0.9407773029189023,0.5931120266517004,0.25059381127357483,0.9983596205711365,-1.4893735982477665,,0.9999999953433871,1.0,768,0.0,0.0,0.0
magnitude_attention_heads_sparsity50,9,0.9271112212422359,0.416992944975694,0.2580553889274597,0.9877059459686279,-1.9714166385432084,,0.9999999885136882,1.0,768,0.0,0.0,0.0
magnitude_attention_heads_sparsity70,6,0.9108543753888252,0.3945181667804718,0.24131745100021362,0.9780084490776062,-1.948367456595103,,0.9999999890569597,1.0,768,0.0,0.0,0.0
magnitude_attention_heads_sparsity70,7,0.8941486675555167,0.41474547361334163,0.2372671216726303,0.9941709041595459,-2.097044624388218,,0.9999999953433871,1.0,768,0.0,0.0,0.0
magnitude_attention_heads_sparsity70,9,0.8724461400805472,0.30121741195519763,0.2580553889274597,0.3695429861545563,-2.327500949303309,,0.9999999885136882,1.0,768,0.0,0.0,0.0
magnitude_neurons_sparsity30,6,0.7257178338977089,0.7904955198367437,0.5367134809494019,0.9592577219009399,-0.3635116672764222,,0.8546333704143763,1.0,768,100.68230438232422,0.3837890625,0.3837890625
magnitude_neurons_sparsity30,7,0.7259189699476966,0.7825126945972443,0.38415706157684326,0.9766470789909363,-0.6009311416807274,,0.8661804570971677,1.0,768,97.10655975341797,0.3349609375,0.3349609375
magnitude_neurons_sparsity30,9,0.7269438756798446,0.8254540761311849,0.6703805923461914,0.9462345838546753,-0.6410234500654042,,0.9029066203317294,1.0,768,84.28680419921875,0.2353515625,0.2353515625
magnitude_neurons_sparsity50,6,0.673430820575326,0.7086616605520248,0.28754061460494995,0.9328050017356873,-0.6696564108133316,,0.7710518329404294,1.0,768,123.52345275878906,0.5279948115348816,0.5279948115348816
magnitude_neurons_sparsity50,7,0.6703973418313421,0.7198017587264379,0.2821131944656372,0.9654552340507507,-0.8963584622833878,,0.7574582850405326,1.0,768,126.84304809570312,0.5227864384651184,0.5227864384651184
magnitude_neurons_sparsity50,9,0.6748544814544353,0.7195329964160919,0.47539329528808594,0.9194692969322205,-0.8608381605396668,,0.7450965497021874,1.0,768,130.7918701171875,0.5182291865348816,0.5182291865348816
magnitude_neurons_sparsity70,6,0.5617246592954427,0.6013175497452418,0.15903428196907043,0.8928229212760925,-0.683379470060269,,0.6517316385482749,1.0,768,147.16021728515625,0.6858723759651184,0.6858723759651184
magnitude_neurons_sparsity70,7,0.5468354217211651,0.6522030606865883,0.2860078811645508,0.9772719740867615,-0.8944872779150804,,0.5661874658350522,1.0,768,160.1168670654297,0.7584635615348816,0.7584635615348816
magnitude_neurons_sparsity70,9,0.4836322134194343,0.4889720020194848,0.21684417128562927,0.8779551982879639,-1.1166596213976543,,0.5059433392404268,1.0,768,169.1383514404297,0.8033854365348816,0.8033854365348816
random_attention_heads_sparsity30,6,0.7617855045555818,0.7498103827238083,0.3276810348033905,0.9682779908180237,-0.37784572939078015,,0.9999999890569597,1.0,768,0.0,0.0,0.0
random_attention_heads_sparsity30,7,0.7436950276095903,0.7262301991383234,0.2320876121520996,0.9634332656860352,-0.7846771357581019,,0.9999999953433871,1.0,768,0.0,0.0,0.0
random_attention_heads_sparsity30,9,0.7476579297945585,0.7148096635937691,0.29357409477233887,0.9709451198577881,-0.8482863611231247,,0.9999999885136882,1.0,768,0.0,0.0,0.0
random_attention_heads_sparsity50,6,0.7803225842789632,0.5870594506462415,0.22927981615066528,0.9811821579933167,-1.5220218437413375,,0.9999999890569597,1.0,768,0.0,0.0,0.0
random_attention_heads_sparsity50,7,0.7519525575885956,0.5249402361611525,0.21392081677913666,0.8783401250839233,-1.9535356511672337,,0.9999999953433871,1.0,768,0.0,0.0,0.0
random_attention_heads_sparsity50,9,0.7609821236336197,0.5746176516016325,0.26714611053466797,0.9065228700637817,-1.5477523083488147,,0.9999999885136882,1.0,768,0.0,0.0,0.0
random_attention_heads_sparsity70,6,0.6474847118135655,0.4940059632062912,0.22927981615066528,0.8814725875854492,-1.4154793359339237,,0.9999999890569597,1.0,768,0.0,0.0,0.0
random_attention_heads_sparsity70,7,0.6053026828445491,0.45563599467277527,0.21392081677913666,0.9094380736351013,-2.061761019130548,,0.9999999953433871,1.0,768,0.0,0.0,0.0
random_attention_heads_sparsity70,9,0.6739046809443965,0.4770870879292488,0.2580553889274597,0.9311290979385376,-1.3453910046567519,,0.9999999885136882,1.0,768,0.0,0.0,0.0
random_neurons_sparsity30,6,0.7901932331108815,0.8715598732233047,0.720095157623291,0.9616628289222717,-0.3296978271876772,,0.8356613678236803,1.0,768,106.62033081054688,0.2998046875,0.2998046875
random_neurons_sparsity30,7,0.7782295312342906,0.923768142859141,0.8423882722854614,0.9951874613761902,0.5838601912061373,,0.8363726026533792,1.0,768,106.48091888427734,0.2998046875,0.2998046875
random_neurons_sparsity30,9,0.7706079796655878,0.9224973817666372,0.8363405466079712,0.9719264507293701,0.9024462178349495,,0.8364020045070598,1.0,768,107.46939849853516,0.2998046875,0.2998046875
random_neurons_sparsity50,6,0.7663254522274451,0.9181709835926691,0.8103261590003967,0.9763314127922058,0.07131984053800504,,0.7070258380069087,1.0,768,137.27780151367188,0.5,0.5
random_neurons_sparsity50,7,0.7178568407399473,0.8981480648120245,0.8081455230712891,0.9718351364135742,-0.1539363490883261,,0.708351775460566,1.0,768,137.1106719970703,0.5,0.5
random_neurons_sparsity50,9,0.7065520005954253,0.8908488601446152,0.8175248503684998,0.9701189398765564,-0.31799317710101604,,0.7070244449035575,1.0,768,138.65794372558594,0.5,0.5
random_neurons_sparsity70,6,0.6491174909931668,0.8646138310432434,0.7427290678024292,0.95893794298172,0.6273584002628922,,0.5513509762628624,1.0,768,161.9229736328125,0.6998698115348816,0.6998698115348816
random_neurons_sparsity70,7,0.583621708854018,0.8081106295188268,0.5731779932975769,0.9585338830947876,0.043131458262602486,,0.5444685094213734,1.0,768,162.92724609375,0.6998698115348816,0.6998698115348816
random_neurons_sparsity70,9,0.6338287468580707,0.8170387248198191,0.6708399057388306,0.9638559818267822,0.1398538867942989,,0.5485784987298151,1.0,768,163.91575622558594,0.6998698115348816,0.6998698115348816
magnitude_attention_heads_sparsity30,6,0.9630161652515807,0.7709543704986572,0.325518399477005,0.9957267642021179,-0.7350325163764259,,0.9999999890569597,1.0,768,0.0,0.0,0.0
magnitude_attention_heads_sparsity30,7,0.9584185279314654,0.8080304612716039,0.25056496262550354,0.9987465143203735,-0.7501801854620377,,0.9999999953433871,1.0,768,0.0,0.0,0.0
magnitude_attention_heads_sparsity30,9,0.9511093389736116,0.7530620222290357,0.2913723587989807,0.9869971871376038,-1.0137254322568576,,0.9999999885136882,1.0,768,0.0,0.0,0.0
magnitude_attention_heads_sparsity50,6,0.9513769594655521,0.6027748510241508,0.3061160445213318,0.9924004077911377,-1.2384825988362234,,0.9999999890569597,1.0,768,0.0,0.0,0.0
magnitude_attention_heads_sparsity50,7,0.9410375573145497,0.5932914987206459,0.25056496262550354,0.9985854625701904,-1.4924506687869628,,0.9999999953433871,1.0,768,0.0,0.0,0.0
magnitude_attention_heads_sparsity50,9,0.9275140243002953,0.4161198486884435,0.2554473876953125,0.9882950782775879,-1.9760908925284941,,0.9999999885136882,1.0,768,0.0,0.0,0.0
magnitude_attention_heads_sparsity70,6,0.911149104692461,0.39541564509272575,0.24089045822620392,0.9814872741699219,-1.9443003982305527,,0.9999999890569597,1.0,768,0.0,0.0,0.0
magnitude_attention_heads_sparsity70,7,0.8940445305937428,0.41507771238684654,0.23774470388889313,0.9965794086456299,-2.095685362815857,,0.9999999953433871,1.0,768,0.0,0.0,0.0
magnitude_attention_heads_sparsity70,9,0.8725686557270683,0.30022045969963074,0.2554473876953125,0.3703266382217407,-2.333933641513189,,0.9999999885136882,1.0,768,0.0,0.0,0.0
magnitude_neurons_sparsity30,6,0.7270865947249714,0.7884618043899536,0.5341123342514038,0.9614605903625488,-0.3807449458787839,,0.8546333704143763,1.0,768,100.68230438232422,0.3837890625,0.3837890625
magnitude_neurons_sparsity30,7,0.725675018383929,0.7796109567085902,0.37298572063446045,0.9787135124206543,-0.6221371586434543,,0.8661804570971677,1.0,768,97.10655975341797,0.3349609375,0.3349609375
magnitude_neurons_sparsity30,9,0.7240772986296382,0.8215247094631195,0.6471569538116455,0.9509111642837524,-0.6612575595887998,,0.9029066203317294,1.0,768,84.28680419921875,0.2353515625,0.2353515625
magnitude_neurons_sparsity50,6,0.6727232569428282,0.702241949737072,0.27313175797462463,0.9343446493148804,-0.6776545643806458,,0.7710518329404294,1.0,768,123.52345275878906,0.5279948115348816,0.5279948115348816
magnitude_neurons_sparsity50,7,0.6696531544172978,0.7104432036479315,0.2671905755996704,0.963138222694397,-0.9022734879205624,,0.7574582850405326,1.0,768,126.84304809570312,0.5227864384651184,0.5227864384651184
magnitude_neurons_sparsity50,9,0.6736380461172401,0.7053401271502177,0.4397677183151245,0.9303562045097351,-0.9052976680298647,,0.7450965497021874,1.0,768,130.7918701171875,0.5182291865348816,0.5182291865348816
magnitude_neurons_sparsity70,6,0.5636817192092806,0.6008851205309232,0.1541721522808075,0.901358962059021,-0.6804527637238303,,0.6517316385482749,1.0,768,147.16021728515625,0.6858723759651184,0.6858723759651184
magnitude_neurons_sparsity70,7,0.5486526722877713,0.6548842862248421,0.2765008807182312,0.978181004524231,-0.8859637808054686,,0.5661874658350522,1.0,768,160.1168670654297,0.7584635615348816,0.7584635615348816
magnitude_neurons_sparsity70,9,0.48498566643509017,0.48442768678069115,0.20754899084568024,0.8943067789077759,-1.1295657667020957,,0.5059433392404268,1.0,768,169.1383514404297,0.8033854365348816,0.8033854365348816
random_attention_heads_sparsity30,6,0.7587384989105844,0.748159741361936,0.32795676589012146,0.9688590168952942,-0.3766825348138809,,0.9999999890569597,1.0,768,0.0,0.0,0.0
random_attention_heads_sparsity30,7,0.738952968537705,0.7256664422651132,0.23099155724048615,0.9607694745063782,-0.7812972515821457,,0.9999999953433871,1.0,768,0.0,0.0,0.0
random_attention_heads_sparsity30,9,0.7430516385462559,0.7128660604357719,0.29413163661956787,0.9712751507759094,-0.8412415869534016,,0.9999999885136882,1.0,768,0.0,0.0,0.0
random_attention_heads_sparsity50,6,0.7793208342004367,0.5878059181074301,0.22835177183151245,0.9816400408744812,-1.5133117251098156,,0.9999999890569597,1.0,768,0.0,0.0,0.0
random_attention_heads_sparsity50,7,0.7484566601026676,0.5238913844029108,0.21326607465744019,0.879357099533081,-1.9588991055885951,,0.9999999953433871,1.0,768,0.0,0.0,0.0
random_attention_heads_sparsity50,9,0.7576655015235918,0.5732098445296288,0.2643465995788574,0.9064950942993164,-1.5538034563263257,,0.9999999885136882,1.0,768,0.0,0.0,0.0
random_attention_heads_sparsity70,6,0.6455560651832235,0.49426085377732915,0.22835177183151245,0.88056480884552,-1.4080288708209991,,0.9999999890569597,1.0,768,0.0,0.0,0.0
random_attention_heads_sparsity70,7,0.6025846152875441,0.45485028997063637,0.21326607465744019,0.9104818105697632,-2.066686155895392,,0.9999999953433871,1.0,768,0.0,0.0,0.0
random_attention_heads_sparsity70,9,0.6705932354559567,0.4770792027314504,0.2554473876953125,0.9316710233688354,-1.346338242913286,,0.9999999885136882,1.0,768,0.0,0.0,0.0
random_neurons_sparsity30,6,0.7934446141866817,0.8735170761744181,0.7233384847640991,0.9631152153015137,-0.32297427641848725,,0.8356613678236803,1.0,768,106.62033081054688,0.2998046875,0.2998046875
random_neurons_sparsity30,7,0.7804403564350754,0.9249835809071859,0.846474826335907,0.9955421686172485,0.5753186679212376,,0.8363726026533792,1.0,768,106.48091888427734,0.2998046875,0.2998046875
random_neurons_sparsity30,9,0.7719897585480607,0.9248086313406626,0.8358488082885742,0.972748339176178,0.8986565520366033,,0.8364020045070598,1.0,768,107.46939849853516,0.2998046875,0.2998046875
random_neurons_sparsity50,6,0.765268436625501,0.9175285796324412,0.8085642457008362,0.9761070609092712,0.0798042849637568,,0.7070258380069087,1.0,768,137.27780151367188,0.5,0.5
random_neurons_sparsity50,7,0.7158756391096104,0.8979810327291489,0.8014448881149292,0.9726658463478088,-0.14844725963970026,,0.708351775460566,1.0,768,137.1106719970703,0.5,0.5
random_neurons_sparsity50,9,0.7050933430314035,0.8915817439556122,0.8161301612854004,0.9715813994407654,-0.3240629245216648,,0.7070244449035575,1.0,768,138.65794372558594,0.5,0.5
random_neurons_sparsity70,6,0.6480992618619708,0.864531621336937,0.7315060496330261,0.9586894512176514,0.6406957201349238,,0.5513509762628624,1.0,768,161.9229736328125,0.6998698115348816,0.6998698115348816
random_neurons_sparsity70,7,0.5812571586474128,0.8099063336849213,0.5737958550453186,0.9569706320762634,0.020667010452598333,,0.5444685094213734,1.0,768,162.92724609375,0.6998698115348816,0.6998698115348816
random_neurons_sparsity70,9,0.6312527297221598,0.8159739424784979,0.6635621786117554,0.9655640125274658,0.1039047883823514,,0.5485784987298151,1.0,768,163.91575622558594,0.6998698115348816,0.6998698115348816
magnitude_attention_heads_sparsity30,6,0.9617771875245247,0.7716561853885651,0.33092784881591797,0.9957168698310852,-0.7340599119585628,,0.9999999890569597,1.0,768,0.0,0.0,0.0
magnitude_attention_heads_sparsity30,7,0.9573054721461624,0.8073656459649404,0.24984362721443176,0.9982824325561523,-0.7502819790194432,,0.9999999953433871,1.0,768,0.0,0.0,0.0
magnitude_attention_heads_sparsity30,9,0.9498734652600068,0.7511137599746386,0.2917259931564331,0.9865220189094543,-1.024322437743346,,0.9999999885136882,1.0,768,0.0,0.0,0.0
magnitude_attention_heads_sparsity50,6,0.9499705396445952,0.6033328622579575,0.3055245578289032,0.9929517507553101,-1.23643037956208,,0.9999999890569597,1.0,768,0.0,0.0,0.0
magnitude_attention_heads_sparsity50,7,0.9397547695653763,0.5923470631241798,0.24984362721443176,0.9977328777313232,-1.4964785960813363,,0.9999999953433871,1.0,768,0.0,0.0,0.0
magnitude_attention_heads_sparsity50,9,0.9256962834835405,0.4165285403529803,0.2579856812953949,0.9870963096618652,-1.9720034419248502,,0.9999999885136882,1.0,768,0.0,0.0,0.0
magnitude_attention_heads_sparsity70,6,0.9104457751327143,0.39644617587327957,0.24207213521003723,0.9813619256019592,-1.9377100815375645,,0.9999999890569597,1.0,768,0.0,0.0,0.0
magnitude_attention_heads_sparsity70,7,0.8939931324910461,0.4153730471928914,0.23978647589683533,0.9953490495681763,-2.087428410847982,,0.9999999953433871,1.0,768,0.0,0.0,0.0
magnitude_attention_heads_sparsity70,9,0.8718456391347792,0.3014145369331042,0.2579856812953949,0.36850377917289734,-2.3237372835477195,,0.9999999885136882,1.0,768,0.0,0.0,0.0
magnitude_neurons_sparsity30,6,0.7318395015446278,0.7957389305035273,0.5622667670249939,0.9625567197799683,-0.36152918823063374,,0.8546333704143763,1.0,768,100.68230438232422,0.3837890625,0.3837890625
magnitude_neurons_sparsity30,7,0.7305666383531854,0.7894315694769224,0.39159533381462097,0.9807517528533936,-0.6062966113289198,,0.8661804570971677,1.0,768,97.10655975341797,0.3349609375,0.3349609375
magnitude_neurons_sparsity30,9,0.7316418126643467,0.8226350148518881,0.6654287576675415,0.9458497166633606,-0.6663339959147075,,0.9029066203317294,1.0,768,84.28680419921875,0.2353515625,0.2353515625
magnitude_neurons_sparsity50,6,0.6750440331740584,0.7087803483009338,0.2886320948600769,0.9348427057266235,-0.6672420427203178,,0.7710518329404294,1.0,768,123.52345275878906,0.5279948115348816,0.5279948115348816
magnitude_neurons_sparsity50,7,0.672451395127101,0.7184140582879385,0.2661941945552826,0.9634707570075989,-0.8872988093644381,,0.7574582850405326,1.0,768,126.84304809570312,0.5227864384651184,0.5227864384651184
magnitude_neurons_sparsity50,9,0.6771627426345459,0.7191280623277029,0.469679594039917,0.9290646314620972,-0.8619028876225153,,0.7450965497021874,1.0,768,130.7918701171875,0.5182291865348816,0.5182291865348816
magnitude_neurons_sparsity70,6,0.5650124766966548,0.6028036599357923,0.16217699646949768,0.8991779088973999,-0.6579956045995156,,0.6517316385482749,1.0,768,147.16021728515625,0.6858723759651184,0.6858723759651184
magnitude_neurons_sparsity70,7,0.5505260726579971,0.6585603629549345,0.3000345826148987,0.972571074962616,-0.8684878125786781,,0.5661874658350522,1.0,768,160.1168670654297,0.7584635615348816,0.7584635615348816
magnitude_neurons_sparsity70,9,0.4878511752669267,0.489912748336792,0.2268330156803131,0.8917415738105774,-1.1155472043901682,,0.5059433392404268,1.0,768,169.1383514404297,0.8033854365348816,0.8033854365348816
random_attention_heads_sparsity30,6,0.7592699092072178,0.7480731432636579,0.3279465138912201,0.9694886803627014,-0.3698730133473873,,0.9999999890569597,1.0,768,0.0,0.0,0.0
random_attention_heads_sparsity30,7,0.7408813907816185,0.7274876522521178,0.23311416804790497,0.9627697467803955,-0.7787904251987735,,0.9999999953433871,1.0,768,0.0,0.0,0.0
random_attention_heads_sparsity30,9,0.7440730889481822,0.7152483289440473,0.2938973903656006,0.9714541435241699,-0.8371735202769438,,0.9999999885136882,1.0,768,0.0,0.0,0.0
random_attention_heads_sparsity50,6,0.7786601071326634,0.5880584754049778,0.23025907576084137,0.9813100099563599,-1.5073014684021473,,0.9999999890569597,1.0,768,0.0,0.0,0.0
random_attention_heads_sparsity50,7,0.7493478070218555,0.5243589753905932,0.21445098519325256,0.8790192008018494,-1.9452105313539505,,0.9999999953433871,1.0,768,0.0,0.0,0.0
random_attention_heads_sparsity50,9,0.7574222165995872,0.5764697069923083,0.2680189609527588,0.9111645817756653,-1.5350519915421803,,0.9999999885136882,1.0,768,0.0,0.0,0.0
random_attention_heads_sparsity70,6,0.6454825285807486,0.4950121430059274,0.23025907576084137,0.8815487027168274,-1.404622808098793,,0.9999999890569597,1.0,768,0.0,0.0,0.0
random_attention_heads_sparsity70,7,0.6030799244699163,0.45612698296705884,0.21445098519325256,0.9094756245613098,-2.055494418988625,,0.9999999953433871,1.0,768,0.0,0.0,0.0
random_attention_heads_sparsity70,9,0.6707231154826683,0.4788043697675069,0.2579856812953949,0.9305358529090881,-1.336994503935178,,0.9999999885136882,1.0,768,0.0,0.0,0.0
random_neurons_sparsity30,6,0.7922080517416512,0.8716011345386505,0.7144700288772583,0.9642658233642578,-0.3170600417070091,,0.8356613678236803,1.0,768,106.62033081054688,0.2998046875,0.2998046875
random_neurons_sparsity30,7,0.7802038049640677,0.9256007174650828,0.8457295894622803,0.9942355751991272,0.5885384377713004,,0.8363726026533792,1.0,768,106.48091888427734,0.2998046875,0.2998046875
random_neurons_sparsity30,9,0.7701794635944479,0.9238491058349609,0.8425336480140686,0.9719198346138,0.9202037006616592,,0.8364020045070598,1.0,768,107.46939849853516,0.2998046875,0.2998046875
random_neurons_sparsity50,6,0.7667746875750444,0.9183973471323649,0.812799334526062,0.9773766994476318,0.07347989749784271,,0.7070258380069087,1.0,768,137.27780151367188,0.5,0.5
random_neurons_sparsity50,7,0.7192555830931276,0.9010616640249888,0.811086893081665,0.9740296602249146,-0.1203111195160697,,0.708351775460566,1.0,768,137.1106719970703,0.5,0.5
random_neurons_sparsity50,9,0.7057985192307777,0.8947785745064417,0.8234767317771912,0.9715017080307007,-0.29750263877213,,0.7070244449035575,1.0,768,138.65794372558594,0.5,0.5
random_neurons_sparsity70,6,0.6486236175272878,0.8655342211325964,0.7340956926345825,0.9608160257339478,0.6463403492234647,,0.5513509762628624,1.0,768,161.9229736328125,0.6998698115348816,0.6998698115348816
random_neurons_sparsity70,7,0.5810303640548199,0.8048011114199957,0.553878664970398,0.9596855044364929,0.029133050547291834,,0.5444685094213734,1.0,768,162.92724609375,0.6998698115348816,0.6998698115348816
random_neurons_sparsity70,9,0.629819530876368,0.8114568988482157,0.6491307020187378,0.9655057191848755,0.1186484806239605,,0.5485784987298151,1.0,768,163.91575622558594,0.6998698115348816,0.6998698115348816
magnitude_attention_heads_sparsity30,6,0.9634001340376787,0.7709624866644541,0.326524943113327,0.9962947368621826,-0.7365688472345937,-0.18743346732420227,0.9999999890569597,1.0,768,0.0,0.0,0.0
magnitude_attention_heads_sparsity30,7,0.9589196748207681,0.8079737424850464,0.24952930212020874,0.9987207651138306,-0.7531625758856535,-0.1857139909795175,0.9999999953433871,1.0,768,0.0,0.0,0.0
magnitude_attention_heads_sparsity30,9,0.9516199411949716,0.7535530974467596,0.29125142097473145,0.9886162281036377,-1.006725713610649,-0.2461325190961361,0.9999999885136882,1.0,768,0.0,0.0,0.0
magnitude_attention_heads_sparsity50,6,0.9518193305613329,0.6021063104271889,0.3042411804199219,0.9933262467384338,-1.2399052859594424,-0.29929871164495125,0.9999999890569597,1.0,768,0.0,0.0,0.0
magnitude_attention_heads_sparsity50,7,0.9414577323567266,0.5925811553994814,0.24952930212020874,0.9983329176902771,-1.4965495970100164,-0.3558820388279855,0.9999999953433871,1.0,768,0.0,0.0,0.0
magnitude_attention_heads_sparsity50,9,0.9275363388722047,0.4160550907254219,0.25506922602653503,0.9890385270118713,-1.979404113565882,-0.5041484711691737,0.9999999885136882,1.0,768,0.0,0.0,0.0
magnitude_attention_heads_sparsity70,6,0.9121219638126115,0.39414674664537114,0.2389901727437973,0.9813889861106873,-1.9510906686385472,-0.4819339094683528,0.9999999890569597,1.0,768,0.0,0.0,0.0
magnitude_attention_heads_sparsity70,7,0.8951353626236176,0.4137667194008827,0.23587334156036377,0.996202290058136,-2.1066874861717224,-0.5224257024625937,0.9999999953433871,1.0,768,0.0,0.0,0.0
magnitude_attention_heads_sparsity70,9,0.8728394395886705,0.2993772178888321,0.25506922602653503,0.36999982595443726,-2.341946542263031,-0.6050680205225945,0.9999999885136882,1.0,768,0.0,0.0,0.0
magnitude_neurons_sparsity30,6,0.7277492331654335,0.7844716062148412,0.5289310216903687,0.9611939787864685,-0.39636404253542423,-0.1215272144569705,0.8546333704143763,1.0,768,100.68230438232422,0.3837890625,0.3837890625
magnitude_neurons_sparsity30,7,0.7255139648018835,0.7762694309155146,0.3558256924152374,0.9743398427963257,-0.6546958529700836,-0.1812038675416261,0.8661804570971677,1.0,768,97.10655975341797,0.3349609375,0.3349609375
magnitude_neurons_sparsity30,9,0.7236972513447444,0.8112280716498693,0.6292383670806885,0.9424883127212524,-0.7318003064331909,-0.1909196118164497,0.9029066203317294,1.0,768,84.28680419921875,0.2353515625,0.2353515625
magnitude_neurons_sparsity50,6,0.6745254223799118,0.6989885121583939,0.2727052867412567,0.9290919899940491,-0.6919004321098328,-0.18041964278866848,0.7710518329404294,1.0,768,123.52345275878906,0.5279948115348816,0.5279948115348816
magnitude_neurons_sparsity50,7,0.6710567563960257,0.7032856047153473,0.24235394597053528,0.9566338062286377,-0.9468077253550291,-0.24424221242467561,0.7574582850405326,1.0,768,126.84304809570312,0.5227864384651184,0.5227864384651184
magnitude_neurons_sparsity50,9,0.671861820455748,0.6951740061243376,0.433498740196228,0.9172682762145996,-0.985371474797527,-0.2546949431610604,0.7450965497021874,1.0,768,130.7918701171875,0.5182291865348816,0.5182291865348816
magnitude_neurons_sparsity70,6,0.5621878184655753,0.5975714176893234,0.1581689417362213,0.8969700336456299,-0.66529691281418,-0.17734815133735538,0.6517316385482749,1.0,768,147.16021728515625,0.6858723759651184,0.6858723759651184
magnitude_neurons_sparsity70,7,0.548808917148003,0.6621179158488909,0.2766610383987427,0.9766608476638794,-0.8761323466897011,-0.22035854076966643,0.5661874658350522,1.0,768,160.1168670654297,0.7584635615348816,0.7584635615348816
magnitude_neurons_sparsity70,9,0.48560547824644557,0.48562763382991153,0.2220962643623352,0.8825573325157166,-1.1410941258072853,-0.3113008209814628,0.5059433392404268,1.0,768,169.1383514404297,0.8033854365348816,0.8033854365348816
random_attention_heads_sparsity30,6,0.7582880531912312,0.7464667484164238,0.3281286358833313,0.9690922498703003,-0.3788457475602627,-0.09088880630830924,0.9999999890569597,1.0,768,0.0,0.0,0.0
random_attention_heads_sparsity30,7,0.739468619836351,0.7241711057722569,0.23081164062023163,0.9616372585296631,-0.7974951467088734,-0.21481260377913713,0.9999999953433871,1.0,768,0.0,0.0,0.0
random_attention_heads_sparsity30,9,0.7427958319626319,0.7155985981225967,0.2935398519039154,0.9706835746765137,-0.8463043980300426,-0.2205596656228105,0.9999999885136882,1.0,768,0.0,0.0,0.0
random_attention_heads_sparsity50,6,0.7786263119912922,0.5866064516206583,0.22831004858016968,0.9803028702735901,-1.5249577549596627,-0.3660468142479658,0.9999999890569597,1.0,768,0.0,0.0,0.0
random_attention_heads_sparsity50,7,0.7484303687233478,0.5209807952245077,0.21272504329681396,0.8713441491127014,-1.9716448883215587,-0.49109789232412976,0.9999999953433871,1.0,768,0.0,0.0,0.0
random_attention_heads_sparsity50,9,0.7573723663405801,0.5741501326362292,0.26445868611335754,0.9080560803413391,-1.5590871845682461,-0.40550701320171356,0.9999999885136882,1.0,768,0.0,0.0,0.0
random_attention_heads_sparsity70,6,0.6447077044823135,0.4939134034017722,0.22831004858016968,0.8825592994689941,-1.41632891446352,-0.33548274512092274,0.9999999890569597,1.0,768,0.0,0.0,0.0
random_attention_heads_sparsity70,7,0.6014516972399389,0.4539266799887021,0.21272504329681396,0.9064278602600098,-2.0764072562257447,-0.5123293244590362,0.9999999953433871,1.0,768,0.0,0.0,0.0
random_attention_heads_sparsity70,9,0.6683225222514011,0.4776066566507022,0.25506922602653503,0.9354816675186157,-1.3526353531827529,-0.3655087488392989,0.9999999885136882,1.0,768,0.0,0.0,0.0
random_neurons_sparsity30,6,0.7889742025245841,0.870307520031929,0.7090351581573486,0.9621454477310181,-0.335424705563734,-0.10121504745135705,0.8356613678236803,1.0,768,106.62033081054688,0.2998046875,0.2998046875
random_neurons_sparsity30,7,0.776526104990178,0.9255154430866241,0.8462092876434326,0.9958834648132324,0.5868067760020494,0.16758744635929665,0.8363726026533792,1.0,768,106.48091888427734,0.2998046875,0.2998046875
random_neurons_sparsity30,9,0.7684401928518827,0.9245178600152334,0.8408492207527161,0.9724288582801819,0.9124607890844345,0.23522630830605826,0.8364020045070598,1.0,768,107.46939849853516,0.2998046875,0.2998046875
random_neurons_sparsity50,6,0.7624345610965975,0.9167860945065817,0.8084313869476318,0.9765375852584839,0.07571531056116025,0.020235481274236616,0.7070258380069087,1.0,768,137.27780151367188,0.5,0.5
random_neurons_sparsity50,7,0.7127157316381971,0.8972393274307251,0.7943963408470154,0.9700268507003784,-0.15692488329174617,-0.029430193729543436,0.708351775460566,1.0,768,137.1106719970703,0.5,0.5
random_neurons_sparsity50,9,0.7007182103519042,0.8948584397633871,0.8201417326927185,0.9700661897659302,-0.28943358175456524,-0.04494111546470473,0.7070244449035575,1.0,768,138.65794372558594,0.5,0.5
random_neurons_sparsity70,6,0.6466570187700339,0.8639006167650223,0.7327874302864075,0.9584983587265015,0.6196357685451707,0.1185293453745544,0.5513509762628624,1.0,768,161.9229736328125,0.6998698115348816,0.6998698115348816
random_neurons_sparsity70,7,0.5806832604038601,0.8102328677972158,0.563351571559906,0.9572324156761169,0.016121874563395977,-0.019279055336179834,0.5444685094213734,1.0,768,162.92724609375,0.6998698115348816,0.6998698115348816
random_neurons_sparsity70,9,0.6310640641246349,0.8183983465035757,0.6688874363899231,0.9644150733947754,0.12687801166127124,-0.0004661510077615579,0.5485784987298151,1.0,768,163.91575622558594,0.6998698115348816,0.6998698115348816
